日期,新闻个数
2024-09-26,1
2024-09-27,3
2024-09-28,1
2024-09-29,1
2024-09-30,3
2024-10-05,1
2024-10-06,1
2024-10-07,2
2024-10-08,3
2024-10-09,2
2024-10-10,4
2024-10-11,4
2024-10-12,1
2024-10-13,3
2024-10-14,4
2024-10-15,1
2024-10-16,3
2024-10-18,2
2024-10-19,2
2024-10-22,1
2024-10-23,2
2024-10-24,1
2024-10-25,2
2024-10-26,1
2024-10-29,2
2024-10-30,2
2024-10-31,6
2024-11-01,4
2024-11-03,1
2024-11-04,1
2024-11-05,2
2024-11-06,3
2024-11-08,5
2024-11-11,3
2024-11-12,3
2024-11-13,2
2024-11-14,2
2024-11-15,1
2024-11-16,1
2024-11-18,2
2024-11-19,3
2024-11-20,1
2024-11-21,2
2024-11-22,3
2024-11-24,2
